{
    "map1": {
        "path": "files//maps//map_random_seed_28.png",
        "seed": 28,
        "threshold": 0.4188495088767704,
        "octaves": 33,
        "persistence": 0.3169476373429319,
        "lacunarity": 2.2620965565013504,
        "scale": 22,
        "dynamic": false
    },
    "map2": {
        "path": "files//maps//map_random_seed_30.png",
        "seed": 30,
        "threshold": 0.4081044719714487,
        "octaves": 46,
        "persistence": 0.38994230826219256,
        "lacunarity": 2.259777923098047,
        "scale": 23,
        "dynamic": false
    },
    "map3": {
        "path": "files//maps//map_random_seed_78.png",
        "seed": 78,
        "threshold": 0.49210810624420764,
        "octaves": 48,
        "persistence": 0.3551691505767485,
        "lacunarity": 2.1842809909365624,
        "scale": 15,
        "dynamic": false
    },
    "map4": {
        "path": "files//maps//map_random_seed_75.png",
        "seed": 75,
        "threshold": 0.5009723667774197,
        "octaves": 37,
        "persistence": 0.3836937427321898,
        "lacunarity": 2.328608244756049,
        "scale": 15,
        "dynamic": false
    },
    "map5": {
        "path": "files//maps//map_random_seed_92.png",
        "seed": 92,
        "threshold": 0.43980978394927484,
        "octaves": 35,
        "persistence": 0.3016047852409903,
        "lacunarity": 2.418686769925677,
        "scale": 23,
        "dynamic": false
    },
    "map6": {
        "path": "files//maps//map_random_seed_1.png",
        "seed": 1,
        "threshold": 0.6,
        "octaves": 6,
        "persistence": 0.4271382255801315,
        "lacunarity": 1.761098206992989,
        "scale": 43,
        "dynamic": false
    },
    "map7": {
        "path": "files//maps//map_random_seed_52.png",
        "seed": 52,
        "threshold": 0.4890064497628264,
        "octaves": 31,
        "persistence": 0.3452889759809635,
        "lacunarity": 2.217367617374809,
        "scale": 20,
        "dynamic": false
    },
    "map8": {
        "path": "files//maps//map_random_seed_test97.png",
        "seed": 97,
        "threshold": 0.589049752190885,
        "octaves": 46,
        "persistence": 0.316173204659909,
        "lacunarity": 2.1540874566498935,
        "scale": 22,
        "dynamic": false
    },
    "map9": {
        "path": "files//maps//map_random_seed_test94.png",
        "seed": 94,
        "threshold": 0.5349769872418618,
        "octaves": 44,
        "persistence": 0.3444974086326147,
        "lacunarity": 2.306732257198038,
        "scale": 17,
        "dynamic": false
    },
    "map10": {
        "path": "files//maps//map_random_seed_test85.png",
        "seed": 85,
        "threshold": 0.5474812417561321,
        "octaves": 32,
        "persistence": 0.3264986763818116,
        "lacunarity": 2.387561467247563,
        "scale": 22,
        "dynamic": false
    },
    "map11": {
        "path": "files//maps//map_random_seed_test61.png",
        "seed": 61,
        "threshold": 0.453349457183233,
        "octaves": 36,
        "persistence": 0.3322996895229636,
        "lacunarity": 2.403237207852025,
        "scale": 24,
        "dynamic": false
    },
    "map12": {
        "path": "files//maps//map_random_seed_test40.png",
        "seed": 40,
        "threshold": 0.5593996094280118,
        "octaves": 44,
        "persistence": 0.36066566342890977,
        "lacunarity": 2.2396547881073463,
        "scale": 20,
        "dynamic": false
    },
    "map13": {
        "path": "files//maps//map_random_seed_test63.png",
        "seed": 63,
        "threshold": 0.4888522893236547,
        "octaves": 41,
        "persistence": 0.3941878444087173,
        "lacunarity": 2.270092682718972,
        "scale": 20,
        "dynamic": false
    },
    "map14": {
        "path": "files//maps//map_random_seed_test3.png",
        "seed": 3,
        "threshold": 0.45268625861438455,
        "octaves": 31,
        "persistence": 0.3519257772714803,
        "lacunarity": 2.363079555430123,
        "scale": 21,
        "dynamic": false
    },
    "map15": {
        "path": "files//maps//map_random_seed_test21.png",
        "seed": 21,
        "threshold": 0.4808083804157461,
        "octaves": 42,
        "persistence": 0.3217924861731835,
        "lacunarity": 2.2685236662981163,
        "scale": 23,
        "dynamic": false
    },
    "map17": {
        "path": "files//maps//map_random_seed_test38.png",
        "seed": 38,
        "threshold": 0.4472910731737413,
        "octaves": 36,
        "persistence": 0.3144121836379195,
        "lacunarity": 1.9770716049878139,
        "scale": 21,
        "dynamic": false
    },
    "map18": {
        "path": "files//maps//map_random_seed_test66.png",
        "seed": 66,
        "threshold": 0.46864598882395564,
        "octaves": 39,
        "persistence": 0.3492393463286586,
        "lacunarity": 2.4524913690298096,
        "scale": 22,
        "dynamic": false
    },
    "map19": {
        "path": "files//maps//map_random_seed_test14.png",
        "seed": 14,
        "threshold": 0.4529353776702719,
        "octaves": 37,
        "persistence": 0.3038495199986214,
        "lacunarity": 2.27194355107374,
        "scale": 20,
        "dynamic": false
    },
    "map20": {
        "path": "files//maps//map_random_seed_test31.png",
        "seed": 31,
        "threshold": 0.5086025524402982,
        "octaves": 40,
        "persistence": 0.37188702132494794,
        "lacunarity": 2.335244487280211,
        "scale": 20,
        "dynamic": false
    },
    "map22": {
        "path": "files//maps//map_random_seed_test3.png",
        "seed": 3,
        "threshold": 0.5027277730255436,
        "octaves": 38,
        "persistence": 0.39376698893193224,
        "lacunarity": 2.3459465359257017,
        "scale": 17,
        "dynamic": false
    },
    "map23": {
        "path": "files//maps//map_random_seed_test80.png",
        "seed": 80,
        "threshold": 0.4250265769785554,
        "octaves": 46,
        "persistence": 0.3212618672591663,
        "lacunarity": 1.9351975813087823,
        "scale": 19,
        "dynamic": false
    },
    "map24": {
        "path": "files//maps//map_random_seed_test42.png",
        "seed": 42,
        "threshold": 0.5012867802438905,
        "octaves": 44,
        "persistence": 0.30754941087359733,
        "lacunarity": 2.392711716286446,
        "scale": 15,
        "dynamic": false
    },
    "map25": {
        "path": "files//maps//map_random_seed_test85.png",
        "seed": 85,
        "threshold": 0.5819198975373816,
        "octaves": 34,
        "persistence": 0.39796712186899275,
        "lacunarity": 2.3571281047971313,
        "scale": 22,
        "dynamic": false
    },
    "map26": {
        "path": "files//maps//map_random_seed_test11.png",
        "seed": 11,
        "threshold": 0.48785117614129886,
        "octaves": 46,
        "persistence": 0.35344213520875317,
        "lacunarity": 2.4934612320175034,
        "scale": 21,
        "dynamic": false
    },
    "map27": {
        "path": "files//maps//map_random_seed_test1.png",
        "seed": 1,
        "threshold": 0.5678334812059816,
        "octaves": 38,
        "persistence": 0.30871602512164403,
        "lacunarity": 2.3233656583870053,
        "scale": 16,
        "dynamic": false
    },
    "map28": {
        "path": "files//maps//map_random_seed_test35.png",
        "seed": 35,
        "threshold": 0.5734782877540687,
        "octaves": 43,
        "persistence": 0.3812655638095402,
        "lacunarity": 2.1928977931427074,
        "scale": 24,
        "dynamic": false
    },
    "map29": {
        "path": "files//maps//map_random_seed_test63.png",
        "seed": 63,
        "threshold": 0.40798231864974716,
        "octaves": 38,
        "persistence": 0.38199064441327857,
        "lacunarity": 2.3533593170828317,
        "scale": 23,
        "dynamic": false
    },